"Message","Count"
"The language must be specified (xml:lang in OPF package)","63"
"Publications must declare the 'schema:accessMode' metadata","79"
"Publications must declare the 'schema:accessModeSufficient' metadata","79"
"Publications must declare the 'schema:accessibilityFeature' metadata","79"
"Publications must declare the 'schema:accessibilityHazard' metadata","79"
"Publications must declare the 'schema:accessibilitySummary' metadata","79"
"The link has insufficient color contrast of 2.23:1 with the surrounding text. (Minimum contrast is 3:1, link text: #0000ee, surrounding text: #000000)
The link has no styling (such as underline) to distinguish it from the surrounding text","751"
"Element does not have text that is visible to screen readers","7"
"Element has insufficient color contrast of 2.35 (foreground color: #a7a9ac, background color: #ffffff, font size: 18.8pt (25px), font weight: bold). Expected contrast ratio of 3:1","8"
"Element has insufficient color contrast of 2.35 (foreground color: #a7a9ac, background color: #ffffff, font size: 22.5pt (30px), font weight: bold). Expected contrast ratio of 3:1","14"
"Element has insufficient color contrast of 2.35 (foreground color: #a7a9ac, background color: #ffffff, font size: 12.0pt (16px), font weight: normal). Expected contrast ratio of 4.5:1","15"
"Element has insufficient color contrast of 2.35 (foreground color: #a7a9ac, background color: #ffffff, font size: 12.0pt (16px), font weight: bold). Expected contrast ratio of 4.5:1","3"
"Heading order invalid","28"
"The <html> element does not have a lang attribute","488"
"Publications with page breaks must declare the 'dc:source / pageBreakSource' metadata","15"
"Element has no ARIA role matching its epub:type","318"
"The landmark must have a unique aria-label, aria-labelledby, or title to make landmarks distinguishable","14"
"Publication page list must reference all page breaks (01_9780700636839_Halftitle.xhtml#page_i)","2"
"Publication page list must reference all page breaks (01_9780700636839_Halftitle.xhtml#page_ii)","2"
"Publication page list must reference all page breaks (02_9780700636839_Title.xhtml#page_iii)","2"
"Publication page list must reference all page breaks (03_9780700636839_Copyright.xhtml#page_iv)","2"
"Publication page list must reference all page breaks (04_9780700636839_Dedication.xhtml#page_v)","2"
"Publication page list must reference all page breaks (04_9780700636839_Dedication.xhtml#page_vi)","2"
"Publication page list must reference all page breaks (05_9780700636839_Contents.xhtml#page_vii)","2"
"Publication page list must reference all page breaks (05_9780700636839_Contents.xhtml#page_viii)","2"
"Publication page list must reference all page breaks (06_9780700636839_Maps.xhtml#page_ix)","2"
"Publication page list must reference all page breaks (06_9780700636839_Maps.xhtml#page_x)","2"
"Publication page list must reference all page breaks (07_9780700636839_Preface.xhtml#page_xi)","2"
"Publication page list must reference all page breaks (07_9780700636839_Preface.xhtml#page_xii)","2"
"Publication page list must reference all page breaks (07_9780700636839_Preface.xhtml#page_xiii)","2"
"Publication page list must reference all page breaks (07_9780700636839_Preface.xhtml#page_xiv)","2"
"Publication page list must reference all page breaks (08_9780700636839_Chapter01.xhtml#page_1)","2"
"Publication page list must reference all page breaks (08_9780700636839_Chapter01.xhtml#page_2)","2"
"Publication page list must reference all page breaks (08_9780700636839_Chapter01.xhtml#page_3)","2"
"Publication page list must reference all page breaks (08_9780700636839_Chapter01.xhtml#page_4)","2"
"Publication page list must reference all page breaks (08_9780700636839_Chapter01.xhtml#page_5)","2"
"Publication page list must reference all page breaks (08_9780700636839_Chapter01.xhtml#page_6)","2"
"Publication page list must reference all page breaks (08_9780700636839_Chapter01.xhtml#page_7)","2"
"Publication page list must reference all page breaks (08_9780700636839_Chapter01.xhtml#page_8)","2"
"Publication page list must reference all page breaks (08_9780700636839_Chapter01.xhtml#page_9)","2"
"Publication page list must reference all page breaks (08_9780700636839_Chapter01.xhtml#page_10)","2"
"Publication page list must reference all page breaks (08_9780700636839_Chapter01.xhtml#page_11)","2"
"Publication page list must reference all page breaks (08_9780700636839_Chapter01.xhtml#page_12)","2"
"Publication page list must reference all page breaks (08_9780700636839_Chapter01.xhtml#page_13)","2"
"Publication page list must reference all page breaks (08_9780700636839_Chapter01.xhtml#page_14)","2"
"Publication page list must reference all page breaks (08_9780700636839_Chapter01.xhtml#page_15)","2"
"Publication page list must reference all page breaks (08_9780700636839_Chapter01.xhtml#page_16)","2"
"Publication page list must reference all page breaks (09_9780700636839_Chapter02.xhtml#page_17)","2"
"Publication page list must reference all page breaks (09_9780700636839_Chapter02.xhtml#page_18)","2"
"Publication page list must reference all page breaks (09_9780700636839_Chapter02.xhtml#page_19)","2"
"Publication page list must reference all page breaks (09_9780700636839_Chapter02.xhtml#page_20)","2"
"Publication page list must reference all page breaks (09_9780700636839_Chapter02.xhtml#page_21)","2"
"Publication page list must reference all page breaks (09_9780700636839_Chapter02.xhtml#page_22)","2"
"Publication page list must reference all page breaks (09_9780700636839_Chapter02.xhtml#page_23)","2"
"Publication page list must reference all page breaks (09_9780700636839_Chapter02.xhtml#page_24)","2"
"Publication page list must reference all page breaks (09_9780700636839_Chapter02.xhtml#page_25)","2"
"Publication page list must reference all page breaks (09_9780700636839_Chapter02.xhtml#page_26)","2"
"Publication page list must reference all page breaks (09_9780700636839_Chapter02.xhtml#page_27)","2"
"Publication page list must reference all page breaks (09_9780700636839_Chapter02.xhtml#page_28)","2"
"Publication page list must reference all page breaks (09_9780700636839_Chapter02.xhtml#page_29)","2"
"Publication page list must reference all page breaks (09_9780700636839_Chapter02.xhtml#page_30)","2"
"Publication page list must reference all page breaks (09_9780700636839_Chapter02.xhtml#page_31)","2"
"Publication page list must reference all page breaks (09_9780700636839_Chapter02.xhtml#page_32)","2"
"Publication page list must reference all page breaks (09_9780700636839_Chapter02.xhtml#page_33)","2"
"Publication page list must reference all page breaks (09_9780700636839_Chapter02.xhtml#page_34)","2"
"Publication page list must reference all page breaks (09_9780700636839_Chapter02.xhtml#page_35)","2"
"Publication page list must reference all page breaks (09_9780700636839_Chapter02.xhtml#page_36)","2"
"Publication page list must reference all page breaks (10_9780700636839_Chapter03.xhtml#page_37)","2"
"Publication page list must reference all page breaks (10_9780700636839_Chapter03.xhtml#page_38)","2"
"Publication page list must reference all page breaks (10_9780700636839_Chapter03.xhtml#page_39)","2"
"Publication page list must reference all page breaks (10_9780700636839_Chapter03.xhtml#page_40)","2"
"Publication page list must reference all page breaks (10_9780700636839_Chapter03.xhtml#page_41)","2"
"Publication page list must reference all page breaks (10_9780700636839_Chapter03.xhtml#page_42)","2"
"Publication page list must reference all page breaks (10_9780700636839_Chapter03.xhtml#page_43)","2"
"Publication page list must reference all page breaks (10_9780700636839_Chapter03.xhtml#page_44)","2"
"Publication page list must reference all page breaks (10_9780700636839_Chapter03.xhtml#page_45)","2"
"Publication page list must reference all page breaks (10_9780700636839_Chapter03.xhtml#page_46)","2"
"Publication page list must reference all page breaks (10_9780700636839_Chapter03.xhtml#page_47)","2"
"Publication page list must reference all page breaks (10_9780700636839_Chapter03.xhtml#page_48)","2"
"Publication page list must reference all page breaks (10_9780700636839_Chapter03.xhtml#page_49)","2"
"Publication page list must reference all page breaks (10_9780700636839_Chapter03.xhtml#page_50)","2"
"Publication page list must reference all page breaks (10_9780700636839_Chapter03.xhtml#page_51)","2"
"Publication page list must reference all page breaks (10_9780700636839_Chapter03.xhtml#page_52)","2"
"Publication page list must reference all page breaks (10_9780700636839_Chapter03.xhtml#page_53)","2"
"Publication page list must reference all page breaks (10_9780700636839_Chapter03.xhtml#page_54)","2"
"Publication page list must reference all page breaks (10_9780700636839_Chapter03.xhtml#page_55)","2"
"Publication page list must reference all page breaks (10_9780700636839_Chapter03.xhtml#page_56)","2"
"Publication page list must reference all page breaks (10_9780700636839_Chapter03.xhtml#page_57)","2"
"Publication page list must reference all page breaks (11_9780700636839_Chapter04.xhtml#page_58)","2"
"Publication page list must reference all page breaks (11_9780700636839_Chapter04.xhtml#page_59)","2"
"Publication page list must reference all page breaks (11_9780700636839_Chapter04.xhtml#page_60)","2"
"Publication page list must reference all page breaks (11_9780700636839_Chapter04.xhtml#page_61)","2"
"Publication page list must reference all page breaks (11_9780700636839_Chapter04.xhtml#page_62)","2"
"Publication page list must reference all page breaks (11_9780700636839_Chapter04.xhtml#page_63)","2"
"Publication page list must reference all page breaks (11_9780700636839_Chapter04.xhtml#page_64)","2"
"Publication page list must reference all page breaks (11_9780700636839_Chapter04.xhtml#page_65)","2"
"Publication page list must reference all page breaks (11_9780700636839_Chapter04.xhtml#page_66)","2"
"Publication page list must reference all page breaks (11_9780700636839_Chapter04.xhtml#page_67)","2"
"Publication page list must reference all page breaks (11_9780700636839_Chapter04.xhtml#page_68)","2"
"Publication page list must reference all page breaks (11_9780700636839_Chapter04.xhtml#page_69)","2"
"Publication page list must reference all page breaks (11_9780700636839_Chapter04.xhtml#page_70)","2"
"Publication page list must reference all page breaks (11_9780700636839_Chapter04.xhtml#page_71)","2"
"Publication page list must reference all page breaks (11_9780700636839_Chapter04.xhtml#page_72)","2"
"Publication page list must reference all page breaks (11_9780700636839_Chapter04.xhtml#page_73)","2"
"Publication page list must reference all page breaks (11_9780700636839_Chapter04.xhtml#page_74)","2"
"Publication page list must reference all page breaks (11_9780700636839_Chapter04.xhtml#page_75)","2"
"Publication page list must reference all page breaks (11_9780700636839_Chapter04.xhtml#page_76)","2"
"Publication page list must reference all page breaks (11_9780700636839_Chapter04.xhtml#page_77)","2"
"Publication page list must reference all page breaks (11_9780700636839_Chapter04.xhtml#page_78)","2"
"Publication page list must reference all page breaks (11_9780700636839_Chapter04.xhtml#page_79)","2"
"Publication page list must reference all page breaks (12_9780700636839_Chapter05.xhtml#page_80)","2"
"Publication page list must reference all page breaks (12_9780700636839_Chapter05.xhtml#page_81)","2"
"Publication page list must reference all page breaks (12_9780700636839_Chapter05.xhtml#page_82)","2"
"Publication page list must reference all page breaks (12_9780700636839_Chapter05.xhtml#page_83)","2"
"Publication page list must reference all page breaks (12_9780700636839_Chapter05.xhtml#page_84)","2"
"Publication page list must reference all page breaks (12_9780700636839_Chapter05.xhtml#page_85)","2"
"Publication page list must reference all page breaks (12_9780700636839_Chapter05.xhtml#page_86)","2"
"Publication page list must reference all page breaks (12_9780700636839_Chapter05.xhtml#page_87)","2"
"Publication page list must reference all page breaks (12_9780700636839_Chapter05.xhtml#page_88)","2"
"Publication page list must reference all page breaks (12_9780700636839_Chapter05.xhtml#page_89)","2"
"Publication page list must reference all page breaks (12_9780700636839_Chapter05.xhtml#page_90)","2"
"Publication page list must reference all page breaks (12_9780700636839_Chapter05.xhtml#page_91)","2"
"Publication page list must reference all page breaks (12_9780700636839_Chapter05.xhtml#page_92)","2"
"Publication page list must reference all page breaks (12_9780700636839_Chapter05.xhtml#page_93)","2"
"Publication page list must reference all page breaks (12_9780700636839_Chapter05.xhtml#page_94)","2"
"Publication page list must reference all page breaks (12_9780700636839_Chapter05.xhtml#page_95)","2"
"Publication page list must reference all page breaks (12_9780700636839_Chapter05.xhtml#page_96)","2"
"Publication page list must reference all page breaks (13_9780700636839_Chapter06.xhtml#page_97)","2"
"Publication page list must reference all page breaks (13_9780700636839_Chapter06.xhtml#page_98)","2"
"Publication page list must reference all page breaks (13_9780700636839_Chapter06.xhtml#page_99)","2"
"Publication page list must reference all page breaks (13_9780700636839_Chapter06.xhtml#page_100)","2"
"Publication page list must reference all page breaks (13_9780700636839_Chapter06.xhtml#page_101)","2"
"Publication page list must reference all page breaks (13_9780700636839_Chapter06.xhtml#page_102)","2"
"Publication page list must reference all page breaks (13_9780700636839_Chapter06.xhtml#page_103)","2"
"Publication page list must reference all page breaks (13_9780700636839_Chapter06.xhtml#page_104)","2"
"Publication page list must reference all page breaks (13_9780700636839_Chapter06.xhtml#page_105)","2"
"Publication page list must reference all page breaks (13_9780700636839_Chapter06.xhtml#page_106)","2"
"Publication page list must reference all page breaks (13_9780700636839_Chapter06.xhtml#page_107)","2"
"Publication page list must reference all page breaks (13_9780700636839_Chapter06.xhtml#page_108)","2"
"Publication page list must reference all page breaks (13_9780700636839_Chapter06.xhtml#page_109)","2"
"Publication page list must reference all page breaks (13_9780700636839_Chapter06.xhtml#page_110)","2"
"Publication page list must reference all page breaks (13_9780700636839_Chapter06.xhtml#page_111)","2"
"Publication page list must reference all page breaks (13_9780700636839_Chapter06.xhtml#page_112)","2"
"Publication page list must reference all page breaks (13_9780700636839_Chapter06.xhtml#page_113)","2"
"Publication page list must reference all page breaks (13_9780700636839_Chapter06.xhtml#page_114)","2"
"Publication page list must reference all page breaks (14_9780700636839_Chapter07.xhtml#page_115)","2"
"Publication page list must reference all page breaks (14_9780700636839_Chapter07.xhtml#page_116)","2"
"Publication page list must reference all page breaks (14_9780700636839_Chapter07.xhtml#page_117)","2"
"Publication page list must reference all page breaks (14_9780700636839_Chapter07.xhtml#page_118)","2"
"Publication page list must reference all page breaks (14_9780700636839_Chapter07.xhtml#page_119)","2"
"Publication page list must reference all page breaks (14_9780700636839_Chapter07.xhtml#page_120)","2"
"Publication page list must reference all page breaks (14_9780700636839_Chapter07.xhtml#page_121)","2"
"Publication page list must reference all page breaks (14_9780700636839_Chapter07.xhtml#page_122)","2"
"Publication page list must reference all page breaks (14_9780700636839_Chapter07.xhtml#page_123)","2"
"Publication page list must reference all page breaks (14_9780700636839_Chapter07.xhtml#page_124)","2"
"Publication page list must reference all page breaks (15_9780700636839_Chapter08.xhtml#page_125)","2"
"Publication page list must reference all page breaks (15_9780700636839_Chapter08.xhtml#page_126)","2"
"Publication page list must reference all page breaks (15_9780700636839_Chapter08.xhtml#page_127)","2"
"Publication page list must reference all page breaks (15_9780700636839_Chapter08.xhtml#page_128)","2"
"Publication page list must reference all page breaks (15_9780700636839_Chapter08.xhtml#page_129)","2"
"Publication page list must reference all page breaks (15_9780700636839_Chapter08.xhtml#page_130)","2"
"Publication page list must reference all page breaks (15_9780700636839_Chapter08.xhtml#page_131)","2"
"Publication page list must reference all page breaks (15_9780700636839_Chapter08.xhtml#page_132)","2"
"Publication page list must reference all page breaks (15_9780700636839_Chapter08.xhtml#page_133)","2"
"Publication page list must reference all page breaks (15_9780700636839_Chapter08.xhtml#page_134)","2"
"Publication page list must reference all page breaks (15_9780700636839_Chapter08.xhtml#page_135)","2"
"Publication page list must reference all page breaks (15_9780700636839_Chapter08.xhtml#page_136)","2"
"Publication page list must reference all page breaks (15_9780700636839_Chapter08.xhtml#page_137)","2"
"Publication page list must reference all page breaks (15_9780700636839_Chapter08.xhtml#page_138)","2"
"Publication page list must reference all page breaks (15_9780700636839_Chapter08.xhtml#page_139)","2"
"Publication page list must reference all page breaks (15_9780700636839_Chapter08.xhtml#page_140)","2"
"Publication page list must reference all page breaks (16_9780700636839_Chapter09.xhtml#page_141)","2"
"Publication page list must reference all page breaks (16_9780700636839_Chapter09.xhtml#page_142)","2"
"Publication page list must reference all page breaks (16_9780700636839_Chapter09.xhtml#page_143)","2"
"Publication page list must reference all page breaks (16_9780700636839_Chapter09.xhtml#page_144)","2"
"Publication page list must reference all page breaks (16_9780700636839_Chapter09.xhtml#page_145)","2"
"Publication page list must reference all page breaks (16_9780700636839_Chapter09.xhtml#page_146)","2"
"Publication page list must reference all page breaks (16_9780700636839_Chapter09.xhtml#page_147)","2"
"Publication page list must reference all page breaks (16_9780700636839_Chapter09.xhtml#page_148)","2"
"Publication page list must reference all page breaks (16_9780700636839_Chapter09.xhtml#page_149)","2"
"Publication page list must reference all page breaks (16_9780700636839_Chapter09.xhtml#page_150)","2"
"Publication page list must reference all page breaks (17_9780700636839_Notes.xhtml#page_151)","2"
"Publication page list must reference all page breaks (17_9780700636839_Notes.xhtml#page_152)","2"
"Publication page list must reference all page breaks (17_9780700636839_Notes.xhtml#page_153)","2"
"Publication page list must reference all page breaks (17_9780700636839_Notes.xhtml#page_154)","2"
"Publication page list must reference all page breaks (17_9780700636839_Notes.xhtml#page_155)","2"
"Publication page list must reference all page breaks (17_9780700636839_Notes.xhtml#page_156)","2"
"Publication page list must reference all page breaks (17_9780700636839_Notes.xhtml#page_157)","2"
"Publication page list must reference all page breaks (17_9780700636839_Notes.xhtml#page_158)","2"
"Publication page list must reference all page breaks (17_9780700636839_Notes.xhtml#page_159)","2"
"Publication page list must reference all page breaks (17_9780700636839_Notes.xhtml#page_160)","2"
"Publication page list must reference all page breaks (17_9780700636839_Notes.xhtml#page_161)","2"
"Publication page list must reference all page breaks (17_9780700636839_Notes.xhtml#page_162)","2"
"Publication page list must reference all page breaks (17_9780700636839_Notes.xhtml#page_163)","2"
"Publication page list must reference all page breaks (17_9780700636839_Notes.xhtml#page_164)","2"
"Publication page list must reference all page breaks (17_9780700636839_Notes.xhtml#page_165)","2"
"Publication page list must reference all page breaks (17_9780700636839_Notes.xhtml#page_166)","2"
"Publication page list must reference all page breaks (17_9780700636839_Notes.xhtml#page_167)","2"
"Publication page list must reference all page breaks (17_9780700636839_Notes.xhtml#page_168)","2"
"Publication page list must reference all page breaks (17_9780700636839_Notes.xhtml#page_169)","2"
"Publication page list must reference all page breaks (17_9780700636839_Notes.xhtml#page_170)","2"
"Publication page list must reference all page breaks (17_9780700636839_Notes.xhtml#page_171)","2"
"Publication page list must reference all page breaks (17_9780700636839_Notes.xhtml#page_172)","2"
"Publication page list must reference all page breaks (17_9780700636839_Notes.xhtml#page_173)","2"
"Publication page list must reference all page breaks (17_9780700636839_Notes.xhtml#page_174)","2"
"Publication page list must reference all page breaks (17_9780700636839_Notes.xhtml#page_175)","2"
"Publication page list must reference all page breaks (17_9780700636839_Notes.xhtml#page_176)","2"
"Publication page list must reference all page breaks (18_9780700636839_Sources.xhtml#page_177)","2"
"Publication page list must reference all page breaks (18_9780700636839_Sources.xhtml#page_178)","2"
"Publication page list must reference all page breaks (18_9780700636839_Sources.xhtml#page_179)","2"
"Publication page list must reference all page breaks (18_9780700636839_Sources.xhtml#page_180)","2"
"Publication page list must reference all page breaks (18_9780700636839_Sources.xhtml#page_181)","2"
"Publication page list must reference all page breaks (18_9780700636839_Sources.xhtml#page_182)","2"
"Publication page list must reference all page breaks (18_9780700636839_Sources.xhtml#page_183)","2"
"Publication page list must reference all page breaks (18_9780700636839_Sources.xhtml#page_184)","2"
"Publication page list must reference all page breaks (18_9780700636839_Sources.xhtml#page_185)","2"
"Publication page list must reference all page breaks (18_9780700636839_Sources.xhtml#page_186)","2"
"Publication page list must reference all page breaks (18_9780700636839_Sources.xhtml#page_187)","2"
"Publication page list must reference all page breaks (18_9780700636839_Sources.xhtml#page_188)","2"
"Publication page list must reference all page breaks (19_9780700636839_Index.xhtml#page_189)","2"
"Publication page list must reference all page breaks (19_9780700636839_Index.xhtml#page_190)","2"
"Publication page list must reference all page breaks (19_9780700636839_Index.xhtml#page_191)","2"
"Publication page list must reference all page breaks (19_9780700636839_Index.xhtml#page_192)","2"
"Publication page list must reference all page breaks (19_9780700636839_Index.xhtml#page_193)","2"
"Publication page list must reference all page breaks (19_9780700636839_Index.xhtml#page_194)","2"
"Publication page list must reference all page breaks (19_9780700636839_Index.xhtml#page_195)","2"
"Publication page list must reference all page breaks (19_9780700636839_Index.xhtml#page_196)","2"
"Publication page list must reference all page breaks (19_9780700636839_Index.xhtml#page_197)","2"
"Publication page list must reference all page breaks (19_9780700636839_Index.xhtml#page_198)","2"
"Publication page list must reference all page breaks (19_9780700636839_Index.xhtml#page_199)","2"
"Publication page list must reference all page breaks (19_9780700636839_Index.xhtml#page_200)","2"
"Publication page list must reference all page breaks (19_9780700636839_Index.xhtml#page_201)","2"
"Publication page list must reference all page breaks (19_9780700636839_Index.xhtml#page_202)","2"
"Publication page list must reference all page breaks (01_9780700638031_Halftitle.xhtml#page_i)","2"
"Publication page list must reference all page breaks (02_9780700638031_Title.xhtml#page_ii)","2"
"Publication page list must reference all page breaks (02_9780700638031_Title.xhtml#page_iii)","2"
"Publication page list must reference all page breaks (03_9780700638031_Copyright.xhtml#page_iv)","2"
"Publication page list must reference all page breaks (04_9780700638031_Dedication.xhtml#page_v)","2"
"Publication page list must reference all page breaks (05_9780700638031_Contents.xhtml#page_vi)","2"
"Publication page list must reference all page breaks (05_9780700638031_Contents.xhtml#page_vii)","2"
"Publication page list must reference all page breaks (06_9780700638031_Acknowledgments.xhtml#page_viii)","2"
"Publication page list must reference all page breaks (06_9780700638031_Acknowledgments.xhtml#page_ix)","2"
"Publication page list must reference all page breaks (06_9780700638031_Acknowledgments.xhtml#page_x)","2"
"Publication page list must reference all page breaks (07_9780700638031_Halftitle1.xhtml#page_xi)","2"
"Publication page list must reference all page breaks (08_9780700638031_Introduction.xhtml#page_xii)","2"
"Publication page list must reference all page breaks (08_9780700638031_Introduction.xhtml#page_1)","2"
"Publication page list must reference all page breaks (08_9780700638031_Introduction.xhtml#page_2)","2"
"Publication page list must reference all page breaks (08_9780700638031_Introduction.xhtml#page_3)","2"
"Publication page list must reference all page breaks (08_9780700638031_Introduction.xhtml#page_4)","2"
"Publication page list must reference all page breaks (08_9780700638031_Introduction.xhtml#page_5)","2"
"Publication page list must reference all page breaks (08_9780700638031_Introduction.xhtml#page_6)","2"
"Publication page list must reference all page breaks (08_9780700638031_Introduction.xhtml#page_7)","2"
"Publication page list must reference all page breaks (08_9780700638031_Introduction.xhtml#page_8)","2"
"Publication page list must reference all page breaks (08_9780700638031_Introduction.xhtml#page_9)","2"
"Publication page list must reference all page breaks (08_9780700638031_Introduction.xhtml#page_10)","2"
"Publication page list must reference all page breaks (08_9780700638031_Introduction.xhtml#page_11)","2"
"Publication page list must reference all page breaks (08_9780700638031_Introduction.xhtml#page_12)","2"
"Publication page list must reference all page breaks (08_9780700638031_Introduction.xhtml#page_13)","2"
"Publication page list must reference all page breaks (08_9780700638031_Introduction.xhtml#page_14)","2"
"Publication page list must reference all page breaks (08_9780700638031_Introduction.xhtml#page_15)","2"
"Publication page list must reference all page breaks (09_9780700638031_Part01.xhtml#page_16)","2"
"Publication page list must reference all page breaks (09_9780700638031_Part01.xhtml#page_17)","2"
"Publication page list must reference all page breaks (09_9780700638031_Part01.xhtml#page_18)","2"
"Publication page list must reference all page breaks (09_9780700638031_Part01.xhtml#page_19)","2"
"Publication page list must reference all page breaks (10_9780700638031_Chapter01.xhtml#page_20)","2"
"Publication page list must reference all page breaks (10_9780700638031_Chapter01.xhtml#page_21)","2"
"Publication page list must reference all page breaks (10_9780700638031_Chapter01.xhtml#page_22)","2"
"Publication page list must reference all page breaks (10_9780700638031_Chapter01.xhtml#page_23)","2"
"Publication page list must reference all page breaks (10_9780700638031_Chapter01.xhtml#page_24)","2"
"Publication page list must reference all page breaks (10_9780700638031_Chapter01.xhtml#page_25)","2"
"Publication page list must reference all page breaks (10_9780700638031_Chapter01.xhtml#page_26)","2"
"Publication page list must reference all page breaks (10_9780700638031_Chapter01.xhtml#page_27)","2"
"Publication page list must reference all page breaks (10_9780700638031_Chapter01.xhtml#page_28)","2"
"Publication page list must reference all page breaks (10_9780700638031_Chapter01.xhtml#page_29)","2"
"Publication page list must reference all page breaks (10_9780700638031_Chapter01.xhtml#page_30)","2"
"Publication page list must reference all page breaks (10_9780700638031_Chapter01.xhtml#page_31)","2"
"Publication page list must reference all page breaks (10_9780700638031_Chapter01.xhtml#page_32)","2"
"Publication page list must reference all page breaks (10_9780700638031_Chapter01.xhtml#page_33)","2"
"Publication page list must reference all page breaks (10_9780700638031_Chapter01.xhtml#page_34)","2"
"Publication page list must reference all page breaks (10_9780700638031_Chapter01.xhtml#page_35)","2"
"Publication page list must reference all page breaks (10_9780700638031_Chapter01.xhtml#page_36)","2"
"Publication page list must reference all page breaks (10_9780700638031_Chapter01.xhtml#page_37)","2"
"Publication page list must reference all page breaks (10_9780700638031_Chapter01.xhtml#page_38)","2"
"Publication page list must reference all page breaks (10_9780700638031_Chapter01.xhtml#page_39)","2"
"Publication page list must reference all page breaks (10_9780700638031_Chapter01.xhtml#page_40)","2"
"Publication page list must reference all page breaks (10_9780700638031_Chapter01.xhtml#page_41)","2"
"Publication page list must reference all page breaks (10_9780700638031_Chapter01.xhtml#page_42)","2"
"Publication page list must reference all page breaks (10_9780700638031_Chapter01.xhtml#page_43)","2"
"Publication page list must reference all page breaks (10_9780700638031_Chapter01.xhtml#page_44)","2"
"Publication page list must reference all page breaks (10_9780700638031_Chapter01.xhtml#page_45)","2"
"Publication page list must reference all page breaks (10_9780700638031_Chapter01.xhtml#page_46)","2"
"Publication page list must reference all page breaks (10_9780700638031_Chapter01.xhtml#page_47)","2"
"Publication page list must reference all page breaks (11_9780700638031_Chapter02.xhtml#page_48)","2"
"Publication page list must reference all page breaks (11_9780700638031_Chapter02.xhtml#page_49)","2"
"Publication page list must reference all page breaks (11_9780700638031_Chapter02.xhtml#page_50)","2"
"Publication page list must reference all page breaks (11_9780700638031_Chapter02.xhtml#page_51)","2"
"Publication page list must reference all page breaks (11_9780700638031_Chapter02.xhtml#page_52)","2"
"Publication page list must reference all page breaks (11_9780700638031_Chapter02.xhtml#page_53)","2"
"Publication page list must reference all page breaks (11_9780700638031_Chapter02.xhtml#page_54)","2"
"Publication page list must reference all page breaks (11_9780700638031_Chapter02.xhtml#page_55)","2"
"Publication page list must reference all page breaks (11_9780700638031_Chapter02.xhtml#page_56)","2"
"Publication page list must reference all page breaks (11_9780700638031_Chapter02.xhtml#page_57)","2"
"Publication page list must reference all page breaks (11_9780700638031_Chapter02.xhtml#page_58)","2"
"Publication page list must reference all page breaks (11_9780700638031_Chapter02.xhtml#page_59)","2"
"Publication page list must reference all page breaks (11_9780700638031_Chapter02.xhtml#page_60)","2"
"Publication page list must reference all page breaks (11_9780700638031_Chapter02.xhtml#page_61)","2"
"Publication page list must reference all page breaks (11_9780700638031_Chapter02.xhtml#page_62)","2"
"Publication page list must reference all page breaks (11_9780700638031_Chapter02.xhtml#page_63)","2"
"Publication page list must reference all page breaks (11_9780700638031_Chapter02.xhtml#page_64)","2"
"Publication page list must reference all page breaks (11_9780700638031_Chapter02.xhtml#page_65)","2"
"Publication page list must reference all page breaks (11_9780700638031_Chapter02.xhtml#page_66)","2"
"Publication page list must reference all page breaks (11_9780700638031_Chapter02.xhtml#page_67)","2"
"Publication page list must reference all page breaks (11_9780700638031_Chapter02.xhtml#page_68)","2"
"Publication page list must reference all page breaks (11_9780700638031_Chapter02.xhtml#page_69)","2"
"Publication page list must reference all page breaks (11_9780700638031_Chapter02.xhtml#page_70)","2"
"Publication page list must reference all page breaks (11_9780700638031_Chapter02.xhtml#page_71)","2"
"Publication page list must reference all page breaks (11_9780700638031_Chapter02.xhtml#page_72)","2"
"Publication page list must reference all page breaks (11_9780700638031_Chapter02.xhtml#page_73)","2"
"Publication page list must reference all page breaks (12_9780700638031_Part02.xhtml#page_74)","2"
"Publication page list must reference all page breaks (12_9780700638031_Part02.xhtml#page_75)","2"
"Publication page list must reference all page breaks (12_9780700638031_Part02.xhtml#page_76)","2"
"Publication page list must reference all page breaks (12_9780700638031_Part02.xhtml#page_77)","2"
"Publication page list must reference all page breaks (13_9780700638031_Chapter03.xhtml#page_78)","2"
"Publication page list must reference all page breaks (13_9780700638031_Chapter03.xhtml#page_79)","2"
"Publication page list must reference all page breaks (13_9780700638031_Chapter03.xhtml#page_80)","2"
"Publication page list must reference all page breaks (13_9780700638031_Chapter03.xhtml#page_81)","2"
"Publication page list must reference all page breaks (13_9780700638031_Chapter03.xhtml#page_82)","2"
"Publication page list must reference all page breaks (13_9780700638031_Chapter03.xhtml#page_83)","2"
"Publication page list must reference all page breaks (13_9780700638031_Chapter03.xhtml#page_84)","2"
"Publication page list must reference all page breaks (13_9780700638031_Chapter03.xhtml#page_85)","2"
"Publication page list must reference all page breaks (13_9780700638031_Chapter03.xhtml#page_86)","2"
"Publication page list must reference all page breaks (13_9780700638031_Chapter03.xhtml#page_87)","2"
"Publication page list must reference all page breaks (13_9780700638031_Chapter03.xhtml#page_88)","2"
"Publication page list must reference all page breaks (13_9780700638031_Chapter03.xhtml#page_89)","2"
"Publication page list must reference all page breaks (13_9780700638031_Chapter03.xhtml#page_90)","2"
"Publication page list must reference all page breaks (13_9780700638031_Chapter03.xhtml#page_91)","2"
"Publication page list must reference all page breaks (13_9780700638031_Chapter03.xhtml#page_92)","2"
"Publication page list must reference all page breaks (13_9780700638031_Chapter03.xhtml#page_93)","2"
"Publication page list must reference all page breaks (13_9780700638031_Chapter03.xhtml#page_94)","2"
"Publication page list must reference all page breaks (13_9780700638031_Chapter03.xhtml#page_95)","2"
"Publication page list must reference all page breaks (13_9780700638031_Chapter03.xhtml#page_96)","2"
"Publication page list must reference all page breaks (13_9780700638031_Chapter03.xhtml#page_97)","2"
"Publication page list must reference all page breaks (13_9780700638031_Chapter03.xhtml#page_98)","2"
"Publication page list must reference all page breaks (13_9780700638031_Chapter03.xhtml#page_99)","2"
"Publication page list must reference all page breaks (13_9780700638031_Chapter03.xhtml#page_100)","2"
"Publication page list must reference all page breaks (13_9780700638031_Chapter03.xhtml#page_101)","2"
"Publication page list must reference all page breaks (13_9780700638031_Chapter03.xhtml#page_102)","2"
"Publication page list must reference all page breaks (13_9780700638031_Chapter03.xhtml#page_103)","2"
"Publication page list must reference all page breaks (13_9780700638031_Chapter03.xhtml#page_104)","2"
"Publication page list must reference all page breaks (13_9780700638031_Chapter03.xhtml#page_105)","2"
"Publication page list must reference all page breaks (13_9780700638031_Chapter03.xhtml#page_106)","2"
"Publication page list must reference all page breaks (13_9780700638031_Chapter03.xhtml#page_107)","2"
"Publication page list must reference all page breaks (13_9780700638031_Chapter03.xhtml#page_108)","2"
"Publication page list must reference all page breaks (13_9780700638031_Chapter03.xhtml#page_109)","2"
"Publication page list must reference all page breaks (13_9780700638031_Chapter03.xhtml#page_110)","2"
"Publication page list must reference all page breaks (13_9780700638031_Chapter03.xhtml#page_111)","2"
"Publication page list must reference all page breaks (13_9780700638031_Chapter03.xhtml#page_112)","2"
"Publication page list must reference all page breaks (13_9780700638031_Chapter03.xhtml#page_113)","2"
"Publication page list must reference all page breaks (13_9780700638031_Chapter03.xhtml#page_114)","2"
"Publication page list must reference all page breaks (13_9780700638031_Chapter03.xhtml#page_115)","2"
"Publication page list must reference all page breaks (21_9780700638031_Plates.xhtml#page_116)","2"
"Publication page list must reference all page breaks (21_9780700638031_Plates.xhtml#page_117)","2"
"Publication page list must reference all page breaks (21_9780700638031_Plates.xhtml#page_118)","2"
"Publication page list must reference all page breaks (21_9780700638031_Plates.xhtml#page_119)","2"
"Publication page list must reference all page breaks (21_9780700638031_Plates.xhtml#page_120)","2"
"Publication page list must reference all page breaks (21_9780700638031_Plates.xhtml#page_121)","2"
"Publication page list must reference all page breaks (21_9780700638031_Plates.xhtml#page_122)","2"
"Publication page list must reference all page breaks (21_9780700638031_Plates.xhtml#page_123)","2"
"Publication page list must reference all page breaks (21_9780700638031_Plates.xhtml#page_124)","2"
"Publication page list must reference all page breaks (21_9780700638031_Plates.xhtml#page_125)","2"
"Publication page list must reference all page breaks (21_9780700638031_Plates.xhtml#page_126)","2"
"Publication page list must reference all page breaks (21_9780700638031_Plates.xhtml#page_127)","2"
"Publication page list must reference all page breaks (21_9780700638031_Plates.xhtml#page_128)","2"
"Publication page list must reference all page breaks (14_9780700638031_Chapter04.xhtml#page_129)","2"
"Publication page list must reference all page breaks (14_9780700638031_Chapter04.xhtml#page_130)","2"
"Publication page list must reference all page breaks (14_9780700638031_Chapter04.xhtml#page_131)","2"
"Publication page list must reference all page breaks (14_9780700638031_Chapter04.xhtml#page_132)","2"
"Publication page list must reference all page breaks (14_9780700638031_Chapter04.xhtml#page_133)","2"
"Publication page list must reference all page breaks (14_9780700638031_Chapter04.xhtml#page_134)","2"
"Publication page list must reference all page breaks (14_9780700638031_Chapter04.xhtml#page_135)","2"
"Publication page list must reference all page breaks (14_9780700638031_Chapter04.xhtml#page_136)","2"
"Publication page list must reference all page breaks (14_9780700638031_Chapter04.xhtml#page_137)","2"
"Publication page list must reference all page breaks (14_9780700638031_Chapter04.xhtml#page_138)","2"
"Publication page list must reference all page breaks (14_9780700638031_Chapter04.xhtml#page_139)","2"
"Publication page list must reference all page breaks (14_9780700638031_Chapter04.xhtml#page_140)","2"
"Publication page list must reference all page breaks (14_9780700638031_Chapter04.xhtml#page_141)","2"
"Publication page list must reference all page breaks (14_9780700638031_Chapter04.xhtml#page_142)","2"
"Publication page list must reference all page breaks (14_9780700638031_Chapter04.xhtml#page_143)","2"
"Publication page list must reference all page breaks (14_9780700638031_Chapter04.xhtml#page_144)","2"
"Publication page list must reference all page breaks (14_9780700638031_Chapter04.xhtml#page_145)","2"
"Publication page list must reference all page breaks (14_9780700638031_Chapter04.xhtml#page_146)","2"
"Publication page list must reference all page breaks (14_9780700638031_Chapter04.xhtml#page_147)","2"
"Publication page list must reference all page breaks (14_9780700638031_Chapter04.xhtml#page_148)","2"
"Publication page list must reference all page breaks (14_9780700638031_Chapter04.xhtml#page_149)","2"
"Publication page list must reference all page breaks (14_9780700638031_Chapter04.xhtml#page_150)","2"
"Publication page list must reference all page breaks (14_9780700638031_Chapter04.xhtml#page_151)","2"
"Publication page list must reference all page breaks (14_9780700638031_Chapter04.xhtml#page_152)","2"
"Publication page list must reference all page breaks (14_9780700638031_Chapter04.xhtml#page_153)","2"
"Publication page list must reference all page breaks (15_9780700638031_Chapter05.xhtml#page_154)","2"
"Publication page list must reference all page breaks (15_9780700638031_Chapter05.xhtml#page_155)","2"
"Publication page list must reference all page breaks (15_9780700638031_Chapter05.xhtml#page_156)","2"
"Publication page list must reference all page breaks (15_9780700638031_Chapter05.xhtml#page_157)","2"
"Publication page list must reference all page breaks (15_9780700638031_Chapter05.xhtml#page_158)","2"
"Publication page list must reference all page breaks (15_9780700638031_Chapter05.xhtml#page_159)","2"
"Publication page list must reference all page breaks (15_9780700638031_Chapter05.xhtml#page_160)","2"
"Publication page list must reference all page breaks (15_9780700638031_Chapter05.xhtml#page_161)","2"
"Publication page list must reference all page breaks (15_9780700638031_Chapter05.xhtml#page_162)","2"
"Publication page list must reference all page breaks (15_9780700638031_Chapter05.xhtml#page_163)","2"
"Publication page list must reference all page breaks (15_9780700638031_Chapter05.xhtml#page_164)","2"
"Publication page list must reference all page breaks (15_9780700638031_Chapter05.xhtml#page_165)","2"
"Publication page list must reference all page breaks (15_9780700638031_Chapter05.xhtml#page_166)","2"
"Publication page list must reference all page breaks (15_9780700638031_Chapter05.xhtml#page_167)","2"
"Publication page list must reference all page breaks (16_9780700638031_Chapter06.xhtml#page_168)","2"
"Publication page list must reference all page breaks (16_9780700638031_Chapter06.xhtml#page_169)","2"
"Publication page list must reference all page breaks (16_9780700638031_Chapter06.xhtml#page_170)","2"
"Publication page list must reference all page breaks (16_9780700638031_Chapter06.xhtml#page_171)","2"
"Publication page list must reference all page breaks (16_9780700638031_Chapter06.xhtml#page_172)","2"
"Publication page list must reference all page breaks (16_9780700638031_Chapter06.xhtml#page_173)","2"
"Publication page list must reference all page breaks (16_9780700638031_Chapter06.xhtml#page_174)","2"
"Publication page list must reference all page breaks (16_9780700638031_Chapter06.xhtml#page_175)","2"
"Publication page list must reference all page breaks (16_9780700638031_Chapter06.xhtml#page_176)","2"
"Publication page list must reference all page breaks (16_9780700638031_Chapter06.xhtml#page_177)","2"
"Publication page list must reference all page breaks (16_9780700638031_Chapter06.xhtml#page_178)","2"
"Publication page list must reference all page breaks (16_9780700638031_Chapter06.xhtml#page_179)","2"
"Publication page list must reference all page breaks (16_9780700638031_Chapter06.xhtml#page_180)","2"
"Publication page list must reference all page breaks (16_9780700638031_Chapter06.xhtml#page_181)","2"
"Publication page list must reference all page breaks (16_9780700638031_Chapter06.xhtml#page_182)","2"
"Publication page list must reference all page breaks (16_9780700638031_Chapter06.xhtml#page_183)","2"
"Publication page list must reference all page breaks (16_9780700638031_Chapter06.xhtml#page_184)","2"
"Publication page list must reference all page breaks (16_9780700638031_Chapter06.xhtml#page_185)","2"
"Publication page list must reference all page breaks (16_9780700638031_Chapter06.xhtml#page_186)","2"
"Publication page list must reference all page breaks (16_9780700638031_Chapter06.xhtml#page_187)","2"
"Publication page list must reference all page breaks (16_9780700638031_Chapter06.xhtml#page_188)","2"
"Publication page list must reference all page breaks (16_9780700638031_Chapter06.xhtml#page_189)","2"
"Publication page list must reference all page breaks (16_9780700638031_Chapter06.xhtml#page_190)","2"
"Publication page list must reference all page breaks (16_9780700638031_Chapter06.xhtml#page_191)","2"
"Publication page list must reference all page breaks (16_9780700638031_Chapter06.xhtml#page_192)","2"
"Publication page list must reference all page breaks (16_9780700638031_Chapter06.xhtml#page_193)","2"
"Publication page list must reference all page breaks (16_9780700638031_Chapter06.xhtml#page_194)","2"
"Publication page list must reference all page breaks (16_9780700638031_Chapter06.xhtml#page_195)","2"
"Publication page list must reference all page breaks (16_9780700638031_Chapter06.xhtml#page_196)","2"
"Publication page list must reference all page breaks (16_9780700638031_Chapter06.xhtml#page_197)","2"
"Publication page list must reference all page breaks (16_9780700638031_Chapter06.xhtml#page_198)","2"
"Publication page list must reference all page breaks (16_9780700638031_Chapter06.xhtml#page_199)","2"
"Publication page list must reference all page breaks (16_9780700638031_Chapter06.xhtml#page_200)","2"
"Publication page list must reference all page breaks (16_9780700638031_Chapter06.xhtml#page_201)","2"
"Publication page list must reference all page breaks (16_9780700638031_Chapter06.xhtml#page_202)","2"
"Publication page list must reference all page breaks (16_9780700638031_Chapter06.xhtml#page_203)","2"
"Publication page list must reference all page breaks (16_9780700638031_Chapter06.xhtml#page_204)","2"
"Publication page list must reference all page breaks (17_9780700638031_Conclusion.xhtml#page_205)","2"
"Publication page list must reference all page breaks (17_9780700638031_Conclusion.xhtml#page_206)","2"
"Publication page list must reference all page breaks (17_9780700638031_Conclusion.xhtml#page_207)","2"
"Publication page list must reference all page breaks (17_9780700638031_Conclusion.xhtml#page_208)","2"
"Publication page list must reference all page breaks (17_9780700638031_Conclusion.xhtml#page_209)","2"
"Publication page list must reference all page breaks (17_9780700638031_Conclusion.xhtml#page_210)","2"
"Publication page list must reference all page breaks (17_9780700638031_Conclusion.xhtml#page_211)","2"
"Publication page list must reference all page breaks (17_9780700638031_Conclusion.xhtml#page_212)","2"
"Publication page list must reference all page breaks (17_9780700638031_Conclusion.xhtml#page_213)","2"
"Publication page list must reference all page breaks (17_9780700638031_Conclusion.xhtml#page_214)","2"
"Publication page list must reference all page breaks (18_9780700638031_Notes.xhtml#page_215)","2"
"Publication page list must reference all page breaks (18_9780700638031_Notes.xhtml#page_216)","2"
"Publication page list must reference all page breaks (18_9780700638031_Notes.xhtml#page_217)","2"
"Publication page list must reference all page breaks (18_9780700638031_Notes.xhtml#page_218)","2"
"Publication page list must reference all page breaks (18_9780700638031_Notes.xhtml#page_219)","2"
"Publication page list must reference all page breaks (18_9780700638031_Notes.xhtml#page_220)","2"
"Publication page list must reference all page breaks (18_9780700638031_Notes.xhtml#page_221)","2"
"Publication page list must reference all page breaks (18_9780700638031_Notes.xhtml#page_222)","2"
"Publication page list must reference all page breaks (18_9780700638031_Notes.xhtml#page_223)","2"
"Publication page list must reference all page breaks (18_9780700638031_Notes.xhtml#page_224)","2"
"Publication page list must reference all page breaks (18_9780700638031_Notes.xhtml#page_225)","2"
"Publication page list must reference all page breaks (18_9780700638031_Notes.xhtml#page_226)","2"
"Publication page list must reference all page breaks (18_9780700638031_Notes.xhtml#page_227)","2"
"Publication page list must reference all page breaks (18_9780700638031_Notes.xhtml#page_228)","2"
"Publication page list must reference all page breaks (18_9780700638031_Notes.xhtml#page_229)","2"
"Publication page list must reference all page breaks (18_9780700638031_Notes.xhtml#page_230)","2"
"Publication page list must reference all page breaks (18_9780700638031_Notes.xhtml#page_231)","2"
"Publication page list must reference all page breaks (18_9780700638031_Notes.xhtml#page_232)","2"
"Publication page list must reference all page breaks (18_9780700638031_Notes.xhtml#page_233)","2"
"Publication page list must reference all page breaks (18_9780700638031_Notes.xhtml#page_234)","2"
"Publication page list must reference all page breaks (18_9780700638031_Notes.xhtml#page_235)","2"
"Publication page list must reference all page breaks (18_9780700638031_Notes.xhtml#page_236)","2"
"Publication page list must reference all page breaks (18_9780700638031_Notes.xhtml#page_237)","2"
"Publication page list must reference all page breaks (18_9780700638031_Notes.xhtml#page_238)","2"
"Publication page list must reference all page breaks (18_9780700638031_Notes.xhtml#page_239)","2"
"Publication page list must reference all page breaks (18_9780700638031_Notes.xhtml#page_240)","2"
"Publication page list must reference all page breaks (18_9780700638031_Notes.xhtml#page_241)","2"
"Publication page list must reference all page breaks (18_9780700638031_Notes.xhtml#page_242)","2"
"Publication page list must reference all page breaks (18_9780700638031_Notes.xhtml#page_243)","2"
"Publication page list must reference all page breaks (18_9780700638031_Notes.xhtml#page_244)","2"
"Publication page list must reference all page breaks (18_9780700638031_Notes.xhtml#page_245)","2"
"Publication page list must reference all page breaks (18_9780700638031_Notes.xhtml#page_246)","2"
"Publication page list must reference all page breaks (18_9780700638031_Notes.xhtml#page_247)","2"
"Publication page list must reference all page breaks (18_9780700638031_Notes.xhtml#page_248)","2"
"Publication page list must reference all page breaks (18_9780700638031_Notes.xhtml#page_249)","2"
"Publication page list must reference all page breaks (18_9780700638031_Notes.xhtml#page_250)","2"
"Publication page list must reference all page breaks (18_9780700638031_Notes.xhtml#page_251)","2"
"Publication page list must reference all page breaks (18_9780700638031_Notes.xhtml#page_252)","2"
"Publication page list must reference all page breaks (18_9780700638031_Notes.xhtml#page_253)","2"
"Publication page list must reference all page breaks (18_9780700638031_Notes.xhtml#page_254)","2"
"Publication page list must reference all page breaks (18_9780700638031_Notes.xhtml#page_255)","2"
"Publication page list must reference all page breaks (18_9780700638031_Notes.xhtml#page_256)","2"
"Publication page list must reference all page breaks (18_9780700638031_Notes.xhtml#page_257)","2"
"Publication page list must reference all page breaks (18_9780700638031_Notes.xhtml#page_258)","2"
"Publication page list must reference all page breaks (18_9780700638031_Notes.xhtml#page_259)","2"
"Publication page list must reference all page breaks (18_9780700638031_Notes.xhtml#page_260)","2"
"Publication page list must reference all page breaks (18_9780700638031_Notes.xhtml#page_261)","2"
"Publication page list must reference all page breaks (19_9780700638031_Biblio.xhtml#page_262)","2"
"Publication page list must reference all page breaks (19_9780700638031_Biblio.xhtml#page_263)","2"
"Publication page list must reference all page breaks (19_9780700638031_Biblio.xhtml#page_264)","2"
"Publication page list must reference all page breaks (19_9780700638031_Biblio.xhtml#page_265)","2"
"Publication page list must reference all page breaks (19_9780700638031_Biblio.xhtml#page_266)","2"
"Publication page list must reference all page breaks (19_9780700638031_Biblio.xhtml#page_267)","2"
"Publication page list must reference all page breaks (19_9780700638031_Biblio.xhtml#page_268)","2"
"Publication page list must reference all page breaks (19_9780700638031_Biblio.xhtml#page_269)","2"
"Publication page list must reference all page breaks (19_9780700638031_Biblio.xhtml#page_270)","2"
"Publication page list must reference all page breaks (19_9780700638031_Biblio.xhtml#page_271)","2"
"Publication page list must reference all page breaks (19_9780700638031_Biblio.xhtml#page_272)","2"
"Publication page list must reference all page breaks (19_9780700638031_Biblio.xhtml#page_273)","2"
"Publication page list must reference all page breaks (19_9780700638031_Biblio.xhtml#page_274)","2"
"Publication page list must reference all page breaks (19_9780700638031_Biblio.xhtml#page_275)","2"
"Publication page list must reference all page breaks (19_9780700638031_Biblio.xhtml#page_276)","2"
"Publication page list must reference all page breaks (19_9780700638031_Biblio.xhtml#page_277)","2"
"Publication page list must reference all page breaks (19_9780700638031_Biblio.xhtml#page_278)","2"
"Publication page list must reference all page breaks (19_9780700638031_Biblio.xhtml#page_279)","2"
"Publication page list must reference all page breaks (19_9780700638031_Biblio.xhtml#page_280)","2"
"Publication page list must reference all page breaks (20_9780700638031_Index.xhtml#page_281)","2"
"Publication page list must reference all page breaks (20_9780700638031_Index.xhtml#page_282)","2"
"Publication page list must reference all page breaks (20_9780700638031_Index.xhtml#page_283)","2"
"Publication page list must reference all page breaks (20_9780700638031_Index.xhtml#page_284)","2"
"Publication page list must reference all page breaks (20_9780700638031_Index.xhtml#page_285)","2"
"Publication page list must reference all page breaks (20_9780700638031_Index.xhtml#page_286)","2"
"Publication page list must reference all page breaks (20_9780700638031_Index.xhtml#page_287)","2"
"Publication page list must reference all page breaks (20_9780700638031_Index.xhtml#page_288)","2"
"Publication page list must reference all page breaks (20_9780700638031_Index.xhtml#page_289)","2"
"Publication page list must reference all page breaks (20_9780700638031_Index.xhtml#page_290)","2"
"Publication page list must reference all page breaks (20_9780700638031_Index.xhtml#page_291)","2"
"Publication page list must reference all page breaks (20_9780700638031_Index.xhtml#page_292)","2"
"Element does not have an alt attribute
aria-label attribute does not exist or is empty
aria-labelledby attribute does not exist, references elements that do not exist or references elements that are empty
Element has no title attribute
Element's default semantics were not overridden with role=""none"" or role=""presentation""","29"
"aria-label attribute does not exist or is empty
aria-labelledby attribute does not exist, references elements that do not exist or references elements that are empty
Element has no title attribute
Element does not have text that is visible to screen readers","133"
"Publication page list must reference all page breaks (Text/02_HalfTitle.xhtml#page_ii)","2"
"Publication page list must reference all page breaks (Text/07_HalfTitle01.xhtml#page_viii)","2"
"The link has insufficient color contrast of 2.08:1 with the surrounding text. (Minimum contrast is 3:1, link text: #0000e1, surrounding text: #000000)
The link has no styling (such as underline) to distinguish it from the surrounding text","20"
"Element is in tab order and does not have accessible text
Element does not have text that is visible to screen readers
aria-label attribute does not exist or is empty
aria-labelledby attribute does not exist, references elements that do not exist or references elements that are empty
Element has no title attribute","44"
"TOC must match the publication reading order (xhtml/ch04.xhtml#page_84-1)","2"
"Element does not have text that is visible to screen readers
aria-label attribute does not exist or is empty
aria-labelledby attribute does not exist, references elements that do not exist or references elements that are empty
Element has no title attribute","4"
"The link has insufficient color contrast of 2.44:1 with the surrounding text. (Minimum contrast is 3:1, link text: #0000ff, surrounding text: #000000)
The link has no styling (such as underline) to distinguish it from the surrounding text","10"
"Element has insufficient color contrast of 1.36 (foreground color: #dcddde, background color: #ffffff, font size: 13.2pt (17.6px), font weight: normal). Expected contrast ratio of 4.5:1","2"
"Element has insufficient color contrast of 2.35 (foreground color: #a7a9ac, background color: #ffffff, font size: 13.5pt (18px), font weight: bold). Expected contrast ratio of 4.5:1","2"
